var,pred_mean,pred_var,test_mean,test_var
RTT download,0.04982118644067797,0.004924732105486235,0.0453420456685499,0.0038510823177620385
RTT upload,0.03898611178369653,0.00404607061379154,0.034003052259887,0.0029938023490165724
Loss fraction,0.022636996514529252,2.212902263395216e-05,0.010519303201506592,0.00048012721684027225
Throughput download,492360818.57919335,1.6965089243237677e+17,540046303.9008088,1.1124770114339338e+17
Throughput upload,367120477.3717791,1.0892460527181274e+17,403760920.3989373,9.809828787318346e+16
